Country,Departments,Subject Name Automation hub,Purpose,Benefit per company (€/per year),Benefit per company (hours saved/year),Oneshot Benefit,Automation Hub Documentation,PHASE,Status,Is it a local process or could it be deployed to all subs ?,Date submitted,Link Automation Hub,Submitter,Collaborator
FRANCE,Marketing,FR - MKT - Loading Reach SVHC declaration into STEP,Automated loading of Reach SVHC declaration into the Lyreco corporate tool.,,,,document,Idea,Awaiting Review,"Local, and maybe Group",06/27/2025,https://cloud.uipath.com/lyrecomanagement/DefaultTenant/automationhub_/automation-profile/fr---mkt---loading-reach-svhc-declaration-into-step,Valentin GUERIN,Valentin GUERIN
WISE,WYZE,WISE - LOG - Stock Movement Data,"Looking at getting the report data imported into QUBE for their stock calculations for the productivity dashboards for Logistics.

Normally they do the report once a week but getting to do this daily this will provide up to date information.

",€0.00,0 Hours Per Year,€0.00,document,Assessment,Not Started,Local,06/26/2025,https://cloud.uipath.com/lyrecomanagement/DefaultTenant/automationhub_/automation-profile/wise---log---stock-movement-data,John Davies,John Davies
GERMANY,"Customer Experience,Marketing",GER - LOG - MD04 Article texts, The Demand Planning department uses the MD04 article texts from SAP as the data basis for several Power BI reports. This process exports the MD04 article texts from SAP and stores the data on a common shared drive automatically.,"€1,500.00",48 Hours Per Year,€0.00,document,Assessment,In Progress,Local,06/26/2025,https://cloud.uipath.com/lyrecomanagement/DefaultTenant/automationhub_/automation-profile/ger---log---md04-article-texts,Reiner FRITSCH,Reiner FRITSCH
WISE,Finance,WISE - FIN - Purchasing card,"The purpose of the automation is to cover:
The generation of payment request files in format CSV from SAP 
Uploading the payment request CSV files into the portal of the PSP (ITS)
Download the payment batch processing report files from the portal of the PSP and import into SAP","€150,000.00",4800 Hours Per Year,€0.00,document,Assessment,Not Started,Group,06/25/2025,https://cloud.uipath.com/lyrecomanagement/DefaultTenant/automationhub_/automation-profile/purchasing-card,Guelahourou Joel SOSSIE,Guelahourou Joel SOSSIE
SWEDEN,Customer Unique Specialist,SWE - SC - Automation of Logistics and KPI Reports (BO),"📌 Idea Summary:
Several Business Objects (BO) reports are currently being accessed and managed manually across different systems and interfaces, some via email and others via local BO platforms. The manual handling of large reports—such as downloading, storing, and distributing them—takes time and increases the risk of inconsistency or delays.
This idea proposes building an automation that regularly extracts specified BO reports, stores them in a central location (e.g. SharePoint or network folder), and optionally triggers post-processing like Excel cleanup or Power BI data updates.
🧩 Key Reports Involved:
Outbound Excel.rep
Goods Inn lines Received without returns Excel.rep
Putaways Goods Inn and Replenishment Excel.rep
Vendorpack Excel.rep
Sorting and Expedition Excel.rep
Weight and Volume Deliveries Excel.rep
⚙️ Automation Opportunity:
A UiPath robot can:
Log in to the BO environment or retrieve files from a defined local system
Download and store the reports in a structured location
Optionally filter or clean the content (e.g. remove unused rows or columns)
Update target systems such as Power BI datasets or shared folders
Run on a schedule (e.g. daily or weekly)
🎯 Expected Benefits:
Reduced manual effort in accessing and handling BO reports
Centralized and standardized storage of large reports
Improved report delivery reliability
Increased availability of up-to-date data for analysis/KPIs
Potential for scaling to include more departments and report types",,,,document,Idea,Awaiting Review,Local,06/25/2025,https://cloud.uipath.com/lyrecomanagement/DefaultTenant/automationhub_/automation-profile/swe---sc---automation-of-logistics-and-kpi-reports--bo-,SVÄRD Peter,SVÄRD Peter
SWEDEN,Customer Unique Specialist,SWE - SA - Coor delivery precision,"We aim to improve delivery accuracy for Coor by combining data from SAP, PostNord, and DHL. The process involves extracting delivery-related data, aligning it with internal order information, and calculating deviations from the planned delivery date.
The goal is to automate data collection and make it accessible for Power BI dashboards through scheduled data refreshes (e.g. weekly).",,,,document,Idea,Awaiting Review,Local,06/25/2025,https://cloud.uipath.com/lyrecomanagement/DefaultTenant/automationhub_/automation-profile/swe---sa---coor-delivery-precision,SVÄRD Peter,SVÄRD Peter
GERMANY,"Customer Experience,Sales",GER- SAL-CMC_Upload_Contract Tool,"Individual customer prices are maintained in the system, either through a complete new upload or through individual changes within the existing assortment (e.g., new product entries, price adjustments, etc.).","€9,375.00",300 Hours Per Year,€0.00,"CMCUpload-Contract tool_Doku_Ger.docx,CMCUpload-Contract_Tool_Eng.docx",Assessment,In Progress,"Local, and maybe Group",06/13/2025,https://cloud.uipath.com/lyrecomanagement/DefaultTenant/automationhub_/automation-profile/ger--sal-cmc-upload-contract-tool,Abdelaziz TEKAYA,Abdelaziz TEKAYA
DENMARK,Marketing,DEN-MKT-VISTEX REDO,HEJ HEJ HEJ,"€8,437.50",270 Hours Per Year,€0.00,document,Assessment,Not Started,Local,05/22/2025,https://cloud.uipath.com/lyrecomanagement/DefaultTenant/automationhub_/automation-profile/den-mkt-vistex-redo,Tina Skroeder OLSEN,Tina Skroeder OLSEN
CASH,IS,CASH - SAL - Automation of Static Catalogs,"This robot will, on a monthly basis, download updated extracts from SAP (Tariff extraction) and with the help of eCat Tool, create static catalogues for the customers. Sales representatives can than easily update the catalogues and prices, which will increase profit and it saves time for EBiz team as well.",€0.00,0 Hours Per Year,€0.00,document,Assessment,Not Started,"Local, and maybe Group",05/15/2025,https://cloud.uipath.com/lyrecomanagement/DefaultTenant/automationhub_/automation-profile/cash---sal---automation-of-static-catalogs,Eduard SEKERES,Eduard SEKERES
SWEDEN,Customer Unique Specialist,SWE - FD - Customer Limits based on UC evaluation,"All new customers are automatically assigned a credit limit of 1,500 SEK in the SAP. If their first order exceeds 1,500 SEK, the customer is added to a blocked list for manual handling. A daily manual job is run to retrieve new customers and update their credit limit based on the UC (credit check) evaluation.","€9,000.00",288 Hours Per Year,€0.00,Full_Meeting_Summary_Credit_Limit_Automation_EN.docx,Assessment,Awaiting Review,Local,05/05/2025,https://cloud.uipath.com/lyrecomanagement/DefaultTenant/automationhub_/automation-profile/swe---fd---customer-limits-based-on-uc-evaluation,SVÄRD Peter,SVÄRD Peter
SWEDEN,Customer Unique Specialist,SWE - CS - Customer Initiated Return Improvment,"Potential opportunity to enhance PostNord bot
Part 1: Today, the bot requires all tracking numbers to be manually entered into the RPA app, which likely results in missed returns.
Part 2: Currently, a return is processed per tracking number, but the Returns Department requests a return per order. Is it possible to obtain data/query that can provide this information to the RPA bot?",,,,,Qualification,Awaiting Review,,04/23/2025,https://cloud.uipath.com/lyrecomanagement/DefaultTenant/automationhub_/automation-profile/swe---cs---customer-initiated-return-improvment,SVÄRD Peter,"SVÄRD Peter, Johan SIEDBERG"
DENMARK,Finance,Further development of an existing RPA solution,"Further development of an existing RPA solution -  DEN-FIN-Incoming invoices (creditors)
Immediate clearing when booking

","€2,250.00",72 Hours Per Year,€0.00,document,Assessment,Not Started,"Local, and maybe Group",04/16/2025,https://cloud.uipath.com/lyrecomanagement/DefaultTenant/automationhub_/automation-profile/further-development-of-an-existing-rpa-solution,Eva NEUHAUSEN,Eva NEUHAUSEN
DENMARK,Finance,SVR - automatic information for accruals ,Monthly upload with necessary information (creditor number and name) and uploaded to excel file,"€3,000.00",96 Hours Per Year,€0.00,document,Assessment,Not Started,"Local, and maybe Group",04/16/2025,https://cloud.uipath.com/lyrecomanagement/DefaultTenant/automationhub_/automation-profile/svr---automatic-information-for-accruals-,Eva NEUHAUSEN,Eva NEUHAUSEN
DENMARK,Finance,CFAC clearing of open items - booking,Automatic posting of amounts below a fixed amount,€750.00,24 Hours Per Year,€0.00,document,Assessment,Not Started,"Local, and maybe Group",04/16/2025,https://cloud.uipath.com/lyrecomanagement/DefaultTenant/automationhub_/automation-profile/cfacbogfring,Eva NEUHAUSEN,Eva NEUHAUSEN
SWEDEN,Customer Unique Specialist,SWE - SA - ZW55 mass run from SAP to NetShop (One-shot) ,"a{text-decoration:none;color:#464feb}
Here is the translation:
Background:Transaction ZW55 in SAP is used to transfer updates from customer cards and chain structures in SAP to NetShop. Since February 12, 2025, this transfer occurs automatically every 30 minutes, based on change pointers on the customer card. The information is sent as an IDoc and automatically read into NetShop via a cus-file. (Exact time when Admin clears its log is unknown)
Before the automatic run was introduced, transaction ZW55 had to be run manually to send changes. This means that there are historical changes today that have not yet been transferred to NetShop.
Purpose:We now need to manually trigger the transfer of our entire customer register – including customer numbers and invoice recipients – to ensure that NetShop has the latest information.
Challenge:It is not possible to trigger the entire register in one run because NetShop has a limitation on how many customer numbers can be handled per read-in. Historically, we have not run more than 1,000 customer numbers at a time to avoid the cus-file becoming too large and difficult to read into Admin.
Number to be mass-run:Customer numbers: approx. 240k Invoice recipients: approx. 100k
Planned working method (robot):
Start from a total file in Excel with customer numbers in one column.
Divide the list into blocks of approximately 1,000 customer numbers at a time.
Enter SAP transaction ZW55, input the customer numbers, and save.
After about 15 minutes, go into Admin and manually read in the generated cus-file.
Repeat the process every 15–30 minutes until the entire register is updated.
Is there anything else you need help with?",€0.00,0 Hours Per Year,"€2,000.00",document,Qualification,Awaiting Review,Local,04/09/2025,https://cloud.uipath.com/lyrecomanagement/DefaultTenant/automationhub_/automation-profile/swe---sa---zw55-mass-run-from-sap-to-netshop--one-shot--,SVÄRD Peter,"SVÄRD Peter, Johan SIEDBERG"
SWEDEN,Customer Unique Specialist,SWE - CS - Automatic Email to Supplier Regarding Delayed Dropshipping Item Lead Time,"For open dropshipment orders where the supplier's lead time, which we also display to the customer on NetShop, has passed and the order is still open, we create an automated email that asks for the status of the order. The responses that come back are handled by a human.
The bot also leaves a comment in SAP and the field that comes with open orders to facilitate further handling.
This will save time in OPS as it takes quite a few clicks to send these emails, allowing us to focus our time on actions or informing the customer.
This will ensure that we close orders and invoice, or keep the customer updated on the status, which improves the customer experience.",€0.00,0 Hours Per Year,€0.00,document,Qualification,Approved,Local,04/09/2025,https://cloud.uipath.com/lyrecomanagement/DefaultTenant/automationhub_/automation-profile/swe---cs---automatic-email-to-supplier-regarding-delayed-dropshipping-item-lead-time,SVÄRD Peter,"SVÄRD Peter, Johan SIEDBERG"
DENMARK,Sales,DEN-SAL-Verification of caller list,Idea has been pitched to our local RPA team and they know about the workload. ,€750.00,24 Hours Per Year,€0.00,Gensys,Assessment,Not Started,"Local, and maybe Group",03/26/2025,https://cloud.uipath.com/lyrecomanagement/DefaultTenant/automationhub_/automation-profile/den-sal-verification-of-caller-list,Nadia BLUME,"Nadia BLUME, Emil Thrane DAGELYKKE, Lars Christensen"
GERMANY,"Customer Experience,Sales",GER - SAL - Requesting SD-Statistics,"This process aims to automate the retrieval of SD statistics in SAP. These can either be recurring requests that are processed monthly or daily requests that can be initiated via a developed web interface.

PS: The Documentation is written in german, if you need more iformation don't hesitate to contact us.","€15,000.00",480 Hours Per Year,€0.00,Prozessdokumentation_SD-Statistiken abrufen.docx,Assessment,In Progress,Group,03/25/2025,https://cloud.uipath.com/lyrecomanagement/DefaultTenant/automationhub_/automation-profile/requesting-sd-statistics,Abdelaziz TEKAYA,Abdelaziz TEKAYA
DENMARK,MARKETING,DEN-SAL-DCT Pricing,"Hi,
We would like to add a price module for DCT . This is the project definition:
Data in eCat Tool – Commision Cost & Bottom price
RPA process – Daily task
Daily extractions from ZM011031 (MM-0045 file)
     The file should contain following columns:
Item number
Commision cost (Not visible in DCT)
Bottom Price (Not visible in DCT)
      Format: .xlsx
eCat Tool – URL: http://aalecllappprd01.lyreco.com:8080
User       credentials:
 dk.ibot@lyreco.com
      Lyreco_4000!
Local data
system-settings/local-data/storage/
Upload LocalData file to server
Import file
DIGITAL_CATALOG_TOOL:       ecatalogs/6576b9467307b05cf50609aa/
Regenerate",€750.00,24 Hours Per Year,€0.00,document,Assessment,Not Started,"Local, and maybe Group",03/24/2025,https://cloud.uipath.com/lyrecomanagement/DefaultTenant/automationhub_/automation-profile/den-sal-dct-pricing,Lars Christensen,"Lars Christensen, Nadja CHRISTENSEN, Jimmi PETERSEN"
SWITZERLAND,"Customer Service,Sales",CH - MKT - WebshopBanner,,,,,document,Idea,Awaiting Review,"Local, and maybe Group",03/05/2025,https://cloud.uipath.com/lyrecomanagement/DefaultTenant/automationhub_/automation-profile/ch-mkt-webshopbanner,Francesco SONETTO,Francesco SONETTO
DENMARK,Quality,DEN-QSS-Automation of CO2e-tool update,That updates of the CO2e-tool is run autmatically instead of manually every 2 to 4 weeks,"€1,875.00",60 Hours Per Year,€0.00,Book1.pdf,Assessment,Not Started,Local,02/26/2025,https://cloud.uipath.com/lyrecomanagement/DefaultTenant/automationhub_/automation-profile/den-qss-automation-of-co2e-tool-update,Christoffer SLOTH,"Christoffer SLOTH, Lars Christensen"
ITALY,IT,IT - MKT - pricing ZM003007 download,"Our mkt and replenishment department needs to download the list of products for each individual supplier from SAP (ZM003007) several times a year.
Once the files have been consolidated into a single csv file, they are processed by hand and in a subsequent automation (to be defined) they will be bolted and loaded back into sap. 
We took inspiration from Wouter's ""BNL - MKT - Pricing ZM003007 Mass Download"" automation and adapted it to our local needs.","€6,000.00",192 Hours Per Year,€0.00,document,Assessment,Not Started,"Local, and maybe Group",02/24/2025,https://cloud.uipath.com/lyrecomanagement/DefaultTenant/automationhub_/automation-profile/it---mkt-princing,Carlo Milia,"Carlo Milia, Cristina MEREGALLI, Luca Farina"
SWEDEN,Customer Unique Specialist,SWE - SC - Return HUD,"I like development and everything you can do with AI and programming, so I had an idea. A HUD-like thing in gaming terms. Heads-up display. Or augmented reality if you prefer. An extra monitor with this new software that automatically pulls up information for me based on what I'm doing on another screen.
Consider this example:
I enter an order number for an order in SAP that has been returned from the post.
On the second monitor, I then get information directly from the PostNord portal about all the parcels returned or just the one in front of me.
On the same monitor, I also get information on whether the parcel contains special order items (which need to be handled differently) and whether it contains hazardous materials. None of this can be seen directly in SAP.
I also want to get the invoice number for the order without having to go into the document flow.
That would significantly ease my daily work. This is just one example out of thousands of possibilities.
In that HUD, you could divide the use cases into different parts of the building/company. Returns need one variant. Replenishment, goods receipt, full-case, customer service, purchasing, etc., need another. What information is relevant for the specific department you are in. But if you create a stable, broad base platform with different modules or whatever you call it, we would have a fantastic tool to streamline the work EVERYONE does.","€18,750.00",600 Hours Per Year,€0.00,document,Idea,Awaiting Review,Local,02/18/2025,https://cloud.uipath.com/lyrecomanagement/DefaultTenant/automationhub_/automation-profile/swe---sc---return-hud,SVÄRD Peter,"SVÄRD Peter, Johan SIEDBERG"
SWEDEN,Customer Unique Specialist,SWE - Sales - Email SLA Sales Operations,"Brief Description: Automatically count the number of emails received and handled from a shared inbox (kundregister.SE@lyreco.com) in Outlook.
Report 1 - Number of Cases: (Sent once per day at 23:00)
Need to have: Counts the number of emails received per day.
Need to have: Counts the number of emails handled per day.
Need to have: Counts the number of emails each person has handled based on category (color) per day.
Nice to have: Does not count emails that are replies based on the subject. If the subject is the same, the case is counted as 1.
Nice to have: Counts the number of emails required to meet the SLA for the next day (both account applications and changes).
Report 2 - SLA: (Option 1 - Monitor SLA in real-time) (Option 2 - Monitor SLA with reports sent twice per day at 12:00 and 23:00)
Need to have: How many emails are left to meet our SLA goals.
SLA Levels:
Account Applications: 24 hours, added to the Account Application category/color.
Changes: 36 hours, not added to a category/color.
Day: Account Applications: Changes:
Monday = none from Friday none from Thursday
Tuesday = none from Monday none from Friday
Wednesday = none from Tuesday none from Monday
Thursday = none from Wednesday none from Tuesday
Friday = none from Thursday none from Wednesday
I can explain more about the SLA levels if the above is unclear. 😊","€7,500.00",240 Hours Per Year,€0.00,document,Assessment,Awaiting Review,"Local, and maybe Group",02/18/2025,https://cloud.uipath.com/lyrecomanagement/DefaultTenant/automationhub_/automation-profile/swe---sales---email-sla-sales-operations,SVÄRD Peter,"SVÄRD Peter, Johan SIEDBERG"
FRANCE,Marketing,FR - MKT - Loading declaration of conformity data sheets into STEP,automated déclaration of conformity data sheets into the Lyreco corporate tool.,"€1,125.00",36 Hours Per Year,€0.00,Processus de chargement en masse des déclarations de conformité dans STEP.docx,Assessment,In Progress,"Local, and maybe Group",12/20/2024,https://cloud.uipath.com/lyrecomanagement/DefaultTenant/automationhub_/automation-profile/fr---mkt---loading-declaration-of-conformity-data-sheets-into-step,Valentin GUERIN,Valentin GUERIN
FRANCE,Marketing,FR - MKT - Loading size chart sheets into STEP,automated size chart sheets into the Lyreco corporate tool.,"€1,125.00",36 Hours Per Year,€0.00,Processus de chargement en masse des tableau des tailles SC dans STEP.docx,Assessment,Not Started,"Local, and maybe Group",12/20/2024,https://cloud.uipath.com/lyrecomanagement/DefaultTenant/automationhub_/automation-profile/fr---mkt---loading-size-chart-sheets-into-step,Valentin GUERIN,Valentin GUERIN
FRANCE,Marketing,FR - MKT - Loading technical sheets into STEP,automated loading of technical sheets into the Lyreco corporate tool.,"€1,125.00",36 Hours Per Year,€0.00,Processus de chargement en masse des fiches technique dans STEP.docx,Assessment,Not Started,"Local, and maybe Group",12/19/2024,https://cloud.uipath.com/lyrecomanagement/DefaultTenant/automationhub_/automation-profile/fr---mkt---loading-technical-sheets-into-step,Valentin GUERIN,Valentin GUERIN
FRANCE,Marketing,FR - MKT - Loading instructions for use into STEP,automated instructions for use data sheets into the Lyreco corporate tool.,"€1,125.00",36 Hours Per Year,€0.00,Processus de chargement en masse des fiches d'utilisations dans STEP.docx,Assessment,Not Started,"Local, and maybe Group",12/19/2024,https://cloud.uipath.com/lyrecomanagement/DefaultTenant/automationhub_/automation-profile/fr---mkt---instructions-for-use-into-step,Valentin GUERIN,Valentin GUERIN
DENMARK,MARKETING,DEN-LOG-Direct delivery,We would like the BOT to fecth the list and send it to the departments in charge of the open issues,€562.50,18 Hours Per Year,€0.00,direkte leveringer cs.xls,Assessment,Not Started,Local,12/19/2024,https://cloud.uipath.com/lyrecomanagement/DefaultTenant/automationhub_/automation-profile/den-log-direct-delivery,Lars Christensen,"Lars Christensen, Ditte-Maria Skaarup RASMUSSEN"
DENMARK,Quality,DEN-QSS-Check of Hazard-sentences ,To Check if there is Hazard sentences on a product safety sheet. the BOT needs to recognize the red square with different Hazard sentences,"€1,000.00",32 Hours Per Year,€0.00,document,Qualification,Awaiting Review,"Local, and maybe Group",12/11/2024,https://cloud.uipath.com/lyrecomanagement/DefaultTenant/automationhub_/automation-profile/denqsstjekaffarestninger,Christoffer SLOTH,"Christoffer SLOTH, Lars Christensen"
SWEDEN,Customer Unique Specialist,SWE - MKT - Add certifications in Item Creation Tool,"When an item to be created in the Item Creation Tool is certified, the process should automatically populate the form within the tool. The certifications are stored in structured data.","€22,500.00",720 Hours Per Year,€0.00,document,Idea,Awaiting Review,Local,11/21/2024,https://cloud.uipath.com/lyrecomanagement/DefaultTenant/automationhub_/automation-profile/add-certifications-in-item-creation-tool,SVÄRD Peter,"SVÄRD Peter, Johan SIEDBERG"
SWEDEN,Customer Unique Specialist,SWE - SC - Automate Region Quotas in Netshop Admin (Carlsberg),"Check for returns on Carlsberg orders and adjust the region limit to match the actual stock quantity in Netshop Admin.
Check total value of ""Used"" against Stock and increase the limit equally.","€1,875.00",60 Hours Per Year,€0.00,document,Idea,Awaiting Review,Local,11/21/2024,https://cloud.uipath.com/lyrecomanagement/DefaultTenant/automationhub_/automation-profile/automate-region-quotas-in-netshop-admin--carlsberg-,SVÄRD Peter,SVÄRD Peter
DENMARK,"Customer Service,Coffee Services",DEN-CS-HIERARCHY LINK,Is it possible to make a robot which links accounts to hierachies or change from one hiearchy to another? ,"€18,750.00",600 Hours Per Year,€0.00,document,Assessment,Not Started,"Local, and maybe Group",11/13/2024,https://cloud.uipath.com/lyrecomanagement/DefaultTenant/automationhub_/automation-profile/den-cs-hierarchy-link,Melissa Anja MUNKEDAL,"Melissa Anja MUNKEDAL, Lars Christensen"
GROUP,Finance,GRP - FIN - CM figures extraction form SAP,"AR (accounts Receivables) Ageing reporting purposes:
Consolidated monthly reporting
Daily ageing extraction for local CM teams
Allows credit manager to have easier and faster access to numbers for analysis
Faster data extraction
Potential to report results almost 10 days faster
Monitoring daily debt level
Worklist for collectors and credit analysts
","€375,000.00",12000 Hours Per Year,€0.00,document,Assessment,Not Started,Group,10/29/2024,https://cloud.uipath.com/lyrecomanagement/DefaultTenant/automationhub_/automation-profile/cm-figures-extraction-form-sap,Lev PAVLYSHYN,Lev PAVLYSHYN
POLAND,"Customer Service,Sales",POL - FIN - Payers blocking,"I make a proposal to create a bot that would automatically (according to the guidelines) block payers.
We have been regularly blocking and then unblocking a list of 19 payers every month for several years with invoicing up to 25.",€112.50,3.6 Hours Per Year,€0.00,document,Assessment,Not Started,"Local, and maybe Group",10/16/2024,https://cloud.uipath.com/lyrecomanagement/DefaultTenant/automationhub_/automation-profile/payers-blocking,Magdalena MAKUCH,"Magdalena MAKUCH, Thomas DELOS"
DENMARK,MARKETING,DEN-P&C-Upload of approved contracts,"We would like a bot, that can upload signed contracts in an archive",€750.00,24 Hours Per Year,€0.00,document,Assessment,Not Started,"Local, and maybe Group",10/14/2024,https://cloud.uipath.com/lyrecomanagement/DefaultTenant/automationhub_/automation-profile/denpcuploadofapprovedcontracts,Lars Christensen,Lars Christensen
FRANCE,IS,FR - FIN - E-Attestations,"This involves sending individual e-mails to each supplier generating over €5,000 in sales to obtain 3 separate attestations. 

These e-mails are reminders, and the list of suppliers is extracted from a website (e-attestations) in the form of an Excel file. Manual processing time is 5 days per month. 

Each e-mail must be specific to the missing attestation, and requires the addition of 1 or 2 Excel files.

it's Legal project :)
","€52,500.00",1680 Hours Per Year,€0.00,document,Assessment,Not Started,Local,10/04/2024,https://cloud.uipath.com/lyrecomanagement/DefaultTenant/automationhub_/automation-profile/fr---fin-e-attestations,Julien PICQUET,Julien PICQUET
DENMARK,Marketing,DK-MKT-Step 0 in SA pricing,Automatic update of tabs in Step 0 in SA pricing.,"€9,000.00",288 Hours Per Year,€0.00,document,Assessment,Not Started,Local,10/02/2024,https://cloud.uipath.com/lyrecomanagement/DefaultTenant/automationhub_/automation-profile/dk---mkt---step-0-i-sa-pricing,Danny PEDERSEN,"Danny PEDERSEN, Lars Christensen"
SWEDEN,Customer Unique Specialist,SWE - CS - Open Orders,The bot checks purchase orders in Open Orders Report then emails the supplier to get more info.,"€30,000.00",960 Hours Per Year,€0.00,document,Idea,Duplicate,Local,10/01/2024,https://cloud.uipath.com/lyrecomanagement/DefaultTenant/automationhub_/automation-profile/swe---cs---open-orders,SVÄRD Peter,"SVÄRD Peter, Johan SIEDBERG"
SWEDEN,Customer Unique Specialist,SWE - BA - V.10 Agreement import ,Business Analytics dept wants a bot that compiles the preliminary work of reading the v.10 file. There are many emails and large Excel files that need to be opened.,"€15,000.00",480 Hours Per Year,€0.00,document,Idea,Awaiting Review,Local,09/23/2024,https://cloud.uipath.com/lyrecomanagement/DefaultTenant/automationhub_/automation-profile/swe---ba---v-10-agreement-import-,SVÄRD Peter,"SVÄRD Peter, Johan SIEDBERG"
SWEDEN,Customer Unique Specialist,SWE - FD - Block List,"Finance dept want a bot to release customer order from the ""block list"", meaning the customer have exeeded their credit limit. ",€0.00,0 Hours Per Year,€0.00,document,Idea,Awaiting Review,Local,09/23/2024,https://cloud.uipath.com/lyrecomanagement/DefaultTenant/automationhub_/automation-profile/swe---fd---block-list,SVÄRD Peter,"SVÄRD Peter, Johan SIEDBERG"
SWEDEN,Customer Unique Specialist,SWE - FD - Setting Customer Limits (post migration Netshop),"We would like to investigate if the RPA bot can set limits on customers after the migration on December 1st in FD32.
We think that since all first purchases by customers go through Klarna (Billie), they are approved with BankID, so there is no fraud.
UC has time to make an evaluation before the next purchase comes, so we have fresh data in FD32. Only then will the customer be offered a Lyreco invoice.
We have a set of rules for customers with a rating of 3-5, which we set limits based on. For example, -30-20-10 thousand that the bot can follow.
We avoid manually handling those customers on the blacklist due to the low limit of 1500 that all customers get as a start and thus avoid setting a manual limit ourselves at the second purchase.
It is easy to set the rules as it should only happen if there is a rating from UC of 3-5 and a fresh date, i.e., within a few months.",€0.00,0 Hours Per Year,€0.00,document,Idea,Awaiting Review,Local,09/23/2024,https://cloud.uipath.com/lyrecomanagement/DefaultTenant/automationhub_/automation-profile/swe---fd---setting-customer-limits--post-migration-netshop-,SVÄRD Peter,"SVÄRD Peter, Johan SIEDBERG"
SWEDEN,Customer Unique Specialist,SWE - PM - Update search words (ZBOM) ,"Product Merchandising wants a bot to check for specific search words connected to ZBOMS.
If a vital search word is missing the will update the connected search words. ",€0.00,0 Hours Per Year,€0.00,document,Idea,Awaiting Review,Local,09/23/2024,https://cloud.uipath.com/lyrecomanagement/DefaultTenant/automationhub_/automation-profile/swe---pm---update-search-words--zbom--,SVÄRD Peter,"SVÄRD Peter, Johan SIEDBERG"
SWEDEN,Customer Unique Specialist,SWE - PM - Material visible Netshop,"Product Merchandising want a bot to find active but not visible materials in Netshop. 
Often the materials have bin removed from thier grouping and not regrouped.",€0.00,0 Hours Per Year,€0.00,document,Idea,Awaiting Review,Local,09/23/2024,https://cloud.uipath.com/lyrecomanagement/DefaultTenant/automationhub_/automation-profile/swe---pm---material-visible-netshop,SVÄRD Peter,"SVÄRD Peter, Johan SIEDBERG"
SWEDEN,Customer Unique Specialist,SWE - FD - Invoice Copy,Finance wants a bot for sending Invoice copys to customers.,"€7,500.00",240 Hours Per Year,€0.00,document,Idea,Awaiting Review,Local,09/23/2024,https://cloud.uipath.com/lyrecomanagement/DefaultTenant/automationhub_/automation-profile/swe---fd---invoice-copy,SVÄRD Peter,"SVÄRD Peter, Johan SIEDBERG"
SWEDEN,Customer Unique Specialist,SWE - PM - Search Words Oulet,"CSS dept wants a bot to update the different categories in lyrecocontract.com, specifik main category Outlet.
There are 3 sub categories in Outlet and materials change subcategory each month. Input is Excel.","€1,125.00",36 Hours Per Year,€0.00,document,Idea,Awaiting Review,Local,09/23/2024,https://cloud.uipath.com/lyrecomanagement/DefaultTenant/automationhub_/automation-profile/swe---pm---search-words-oulet,SVÄRD Peter,"SVÄRD Peter, Johan SIEDBERG"
SWEDEN,Customer Unique Specialist,SWE - PM - Campaign Prices Import Tool,"Product Merchandising wants a bot to update campaign prices in SAP, monthly and quarterly. 
",€862.50,27.6 Hours Per Year,€0.00,document,Idea,Awaiting Review,Local,09/23/2024,https://cloud.uipath.com/lyrecomanagement/DefaultTenant/automationhub_/automation-profile/swe---pm---campaign-prices-import-tool,SVÄRD Peter,"SVÄRD Peter, Johan SIEDBERG"
DENMARK,Quality,DEN-QSS-Mail to multiple suppliers,"When sending a mail to multiple suppliers, make it lookup their name and split excel files to send the mail to multiples mails at once, with correct perosnal names and excel document",€250.00,8 Hours Per Year,€0.00,document,Assessment,Not Started,"Local, and maybe Group",09/20/2024,https://cloud.uipath.com/lyrecomanagement/DefaultTenant/automationhub_/automation-profile/den-qss-mail-to-multiple-suppliers,Christoffer SLOTH,"Christoffer SLOTH, Lars Christensen"
POLAND,"Customer Service,Coffee Services",POL - CC - New Customer Onboarding process,"Request for a new web account has arrived via the web shop and has been submitted as a ticket to the Customer Care team.
The process reads the ticket, prepares the information in an app and waits for approval from the Customer Care employee. 
If the registration is rejected, the customer would receive an email notification of the failed registration. As soon as approval is granted, the account is added to SAP, the webshop login is created and the end ticket is closed with a reply to the customer.","€15,000.00",480 Hours Per Year,€0.00,document,Assessment,Not Started,"Local, and maybe Group",09/19/2024,https://cloud.uipath.com/lyrecomanagement/DefaultTenant/automationhub_/automation-profile/pol-cc-new-customer-onboarding-process,Katarzyna WISNIEWSKA,Katarzyna WISNIEWSKA
DENMARK,Quality,DEN-QSS-GWPupdate new products,Update our GWP/co2 data with new products,"€1,125.00",36 Hours Per Year,€0.00,document,Assessment,Not Started,Local,09/19/2024,https://cloud.uipath.com/lyrecomanagement/DefaultTenant/automationhub_/automation-profile/den-qss-gwpupdate-new-products,Christoffer SLOTH,"Christoffer SLOTH, Lars Christensen"
DENMARK,Quality,DEN-QSS-monthly co2 update,Collect data from websites to update electricty and solarpower data. Required data for delivery to group,€375.00,12 Hours Per Year,€0.00,Electricity Report.xlsx,Assessment,Not Started,Local,09/19/2024,https://cloud.uipath.com/lyrecomanagement/DefaultTenant/automationhub_/automation-profile/den-qss-monthly-co2-update,Christoffer SLOTH,"Christoffer SLOTH, Lars Christensen"
POLAND,Customer Service PL,POL - CC  Sending signed double delivery notes with invoices to the customers,"We want to reduce the time and errors associated with agents' manual work. We collect signed delivery notes in paper version, scan them and sent to the customer with the invoice. This manual work has an impact for customer's debts in our company. Customers don't pay an invoices without the delivery notes. They don't accept POD from the SITI. ","€30,000.00",960 Hours Per Year,€0.00,Providing signed delivery documents with invoices.docx,Assessment,Not Started,"Local, and maybe Group",09/18/2024,https://cloud.uipath.com/lyrecomanagement/DefaultTenant/automationhub_/automation-profile/pol---cc--sending-signed-duble-delivery-notes-with-invoices-to-the-customers,Justyna Kowalik,Justyna Kowalik
DENMARK,Marketing,DEN-MKT-Washroom offer calculation tool,"To better be able to track data and target offers on washwoom to different type of customers. Where all types of washroom product details are gathered, so we can easily switch between good/better/best product but also look at price pr meter of toiletpaper and know the grammage of the paper, number of ply and relate that directly to number of employees in  company - adding different service levels as well. So including prices or option to price the offer",€0.00,0 Hours Per Year,€0.00,document,Assessment,Not Started,"Local, and maybe Group",09/18/2024,https://cloud.uipath.com/lyrecomanagement/DefaultTenant/automationhub_/automation-profile/washroom-offer-calculation-tool,Eva Bech LYNGGAARD,"Eva Bech LYNGGAARD, Lars Christensen"
SWEDEN,Customer Unique Specialist,SWE - CS - Nespresso Subscription Orders,Create Nespresso subscription orders,€0.00,0 Hours Per Year,€0.00,document,Idea,Awaiting Review,Local,09/17/2024,https://cloud.uipath.com/lyrecomanagement/DefaultTenant/automationhub_/automation-profile/swe---cs---nespresso-subscription-orders,SVÄRD Peter,"SVÄRD Peter, Johan SIEDBERG"
SWEDEN,Customer Unique Specialist,SWE - CS - Email updated Order Confirmation,Notify customers with new update order confirmation when delivery dates changes.,"€15,000.00",480 Hours Per Year,€0.00,document,Idea,Awaiting Review,Local,09/17/2024,https://cloud.uipath.com/lyrecomanagement/DefaultTenant/automationhub_/automation-profile/swe---cs---email-updated-order-confirmation,SVÄRD Peter,"SVÄRD Peter, Johan SIEDBERG"
SWEDEN,Customer Unique Specialist,SWE - CS - Nespresso Spare Part Price Update,Schedule a bot to download the latest Nespresso Spare Part Price list and update the materials in SAP.  ,"€4,875.00",156 Hours Per Year,€0.00,Business Case.docx,Idea,Awaiting Review,Local,09/17/2024,https://cloud.uipath.com/lyrecomanagement/DefaultTenant/automationhub_/automation-profile/swe---cs---nespresso-spare-part-price-update,SVÄRD Peter,"SVÄRD Peter, Johan SIEDBERG"
SWEDEN,Customer Unique Specialist,SWE - CS - 48h Email Reminder to close Saleforce case,"Email a reminder to respond to our previous email or else the Saleforce case will be closed. 
Also close the case if 48h has passed.","€15,000.00",480 Hours Per Year,€0.00,document,Idea,Awaiting Review,Local,09/17/2024,https://cloud.uipath.com/lyrecomanagement/DefaultTenant/automationhub_/automation-profile/swe---cs---48h-email-reminder-to-close-saleforce-case,SVÄRD Peter,"SVÄRD Peter, Johan SIEDBERG"
SWEDEN,Customer Unique Specialist,SWE - CS - Customer Initiated Return,"To automate the whole process of customer initiated returns.
Fetching all the active cases in Saleforce
The actual SAP order
Sending parcel documentation to the customer","€41,250.00",1320 Hours Per Year,€0.00,document,Qualification,Approved,Local,09/17/2024,https://cloud.uipath.com/lyrecomanagement/DefaultTenant/automationhub_/automation-profile/swe---cs---customer-initiated-return,SVÄRD Peter,"SVÄRD Peter, Johan SIEDBERG"
DENMARK,MARKETING,DEN-SAL-Pricelists,It would be great with international pricelists for common customers across Lyreco SUBS,"€7,500.00",240 Hours Per Year,€0.00,document,Assessment,Not Started,"Local, and maybe Group",09/16/2024,https://cloud.uipath.com/lyrecomanagement/DefaultTenant/automationhub_/automation-profile/den-sal-pricelists,Lars Christensen,"Lars Christensen, Ghita GRAND"
DENMARK,MARKETING,DEN-SAL-Customer reports,"We would like help with creating customer reports.
Customers like ISS and Novo requires monthly reports.","€1,500.00",48 Hours Per Year,€0.00,document,Assessment,Not Started,Local,09/16/2024,https://cloud.uipath.com/lyrecomanagement/DefaultTenant/automationhub_/automation-profile/den-sal-customer-reports,Lars Christensen,"Lars Christensen, Ghita GRAND"
DENMARK,MARKETING,DEN-SAL-Customer rebate,"We would like a BOT that can help fill in FAC19 files for International customers.
Also help for approver workflow and FAC20 files.
Data is comming from Power BI  ","€1,250.00",40 Hours Per Year,€0.00,document,Assessment,Not Started,"Local, and maybe Group",09/16/2024,https://cloud.uipath.com/lyrecomanagement/DefaultTenant/automationhub_/automation-profile/den-sal-customer-rebate,Lars Christensen,"Lars Christensen, Ghita GRAND"
DENMARK,"Sales,Marketing",DEN-SAL-Save mail/file project,"Possibility to create a mail with values from an Excel file, og save the excel file as value on one drive.","€7,500.00",240 Hours Per Year,€0.00,"document,document",Assessment,Not Started,Local,09/16/2024,https://cloud.uipath.com/lyrecomanagement/DefaultTenant/automationhub_/automation-profile/den-sal-save-mailfile-project,Gert Green JAKOBSEN,"Gert Green JAKOBSEN, Lars Christensen"
DENMARK,Sales,DEN-SAL-VBA programing for masterfile,Please create program for masterfile ,"€1,500.00",48 Hours Per Year,€0.00,"Vejledning Masterfile.xlsx,Masterfile MOTOR non binær.xlsx",Assessment,Not Started,Local,09/12/2024,https://cloud.uipath.com/lyrecomanagement/DefaultTenant/automationhub_/automation-profile/den-sal-vba-programing-for-masterfile,Emil Thrane DAGELYKKE,"Mick FROESLEV, Lars Christensen, Emil Thrane DAGELYKKE"
DENMARK,Finance,DEN-FIN-FSC - Control on invoice,"ESG Task, manually control of many invoices.","€3,750.00",120 Hours Per Year,€0.00,document,Assessment,Not Started,Local,08/22/2024,https://cloud.uipath.com/lyrecomanagement/DefaultTenant/automationhub_/automation-profile/fsc---control-on-invoice,Eva NEUHAUSEN,"Eva NEUHAUSEN, Lars Christensen"
FRANCE,Finance,FR - FIN - End-of-promotion result reminders,This process follows on from the information communicated by the Marketing End of Promotion bot. It enables the Finance department to send out the necessary reminders to suppliers in order to receive credit notes. ,"€1,725.00",55.2 Hours Per Year,€0.00,document,Assessment,Not Started,"Local, and maybe Group",03/12/2024,https://cloud.uipath.com/lyrecomanagement/DefaultTenant/automationhub_/automation-profile/fr---fin---end-of-promotion-result-reminders,Marine DENIS,"Marine DENIS, Thomas DELOS"
BENELUX,Logistic,BNL - LOG - Code 95 Daily - Stock report,"Send report every morning to team planning, on stock level of items that are on code 95. 
That will save 5 to 10 min every day for the generation of the reprt. But that has a big impact on sales . That will help us get items available for customer orders and avoid blocking the sales for an item that is on stock. ","€1,500.00",48 Hours Per Year,€0.00,"STOCK code 95. easy vista request bis.pdf,Mailing list.pdf",Assessment,Not Started,Local,01/22/2024,https://cloud.uipath.com/lyrecomanagement/DefaultTenant/automationhub_/automation-profile/code-95-daily--stock--report,Yaser Uddin,Yaser Uddin
WISE,Logistics,WISE - LOG - Automation of Daily Stock Report from Power BI - Demand and Supply ,"In WISE - each day the Supply Chain Analyst extracts from the Demand and Supply Power BI application a report which details an overview of the current stock positions for products held in both the Telford and Dublin warehouses.

Two separate reports for each warehouse are then downloaded, extracted to excel and emailed out to a large distribution list - Sales / Customer Care / Products and Services & Supply Chain. (Approx 250+ recipients a day)

The reports sent out daily allow all areas of the business to make informed decisions based on the current stock position, help Customer Care answer customer queries, assist the sales team in the field by having up to date stock information without needing to contact Customer Care / Replen teams and allow the Supply Planners in replen manage their stock portfolio more effectively. Example report attached. This can take 30 mins per day to extract / save and email out.

There is also an additional two reports that are extracted from PBI each day by the planning analyst after these stock reports are emailed out. I have detailed those two below:

BI Stock Report - Similar to the stock report that gets emailed out but with more information, this is extracted and saved to a drive for the BI team daily to use.

Purchase Requestions - Each day a list of all open purchase requisitions which are due to be released that day up to six months into the future is extracted from Demand and Supply PBI app and saved to the BI Team drive to use.

This is an additional 15 minutes per day on top of the daily stock reports.

There is no analysis and is simply extracting and sending out data. This would save 225 minutes a week if these four reports could be automated daily, allowing the planning analyst to focus on more complex tasks.","€6,000.00",192 Hours Per Year,€0.00,Example of UK Stock Report - 02.01.24,Assessment,In Progress,"Local, and maybe Group",01/02/2024,https://cloud.uipath.com/lyrecomanagement/DefaultTenant/automationhub_/automation-profile/automation-of-daily-stock-report-from-power-bi---demand-and-supply-,Duncan MILTON,Duncan MILTON
DENMARK,Finance,DEN-QSS-Control of content Catalogue ,"Limit Mistakes in the Catelogue.
A a screen of the Catelogue, showing that all products with Sustainable Selection is marked as Sustainable Selection.",€0.00,0 Hours Per Year,"€3,000.00",document,Assessment,Not Started,"Local, and maybe Group",12/15/2023,https://cloud.uipath.com/lyrecomanagement/DefaultTenant/automationhub_/automation-profile/control-of-content-catelogue,Eva NEUHAUSEN,"Eva NEUHAUSEN, Lars Christensen, Victor Sebastian BJARNESEN, Kim Jagd FREDERIKSEN"
DENMARK,Finance,DEN-FIN-Accruals,"Optimize monthly Closing.
Autoposting in SAP by using our local Excel worksheet, and saving document with ID-number","€2,812.50",90 Hours Per Year,€0.00,document,Assessment,Not Started,"Local, and maybe Group",12/15/2023,https://cloud.uipath.com/lyrecomanagement/DefaultTenant/automationhub_/automation-profile/accruals,Eva NEUHAUSEN,"Eva NEUHAUSEN, Lars Christensen"
DENMARK,,DEN-QSS-SITI Route mapping for distance and CO2e emissions,"Connecting the coordinates from SITI through (eg. Google Cloud API), to get distance driven for each route. We can calculate fuel consumption from this and thereby CO2e emissions on deliveries.","€97,500.00",3120 Hours Per Year,€0.00,document,Assessment,Not Started,"Local, and maybe Group",12/14/2023,https://cloud.uipath.com/lyrecomanagement/DefaultTenant/automationhub_/automation-profile/siti-route-mapping-for-distance-and-co2e-emissions,Victor Sebastian BJARNESEN,"Victor Sebastian BJARNESEN, Lars Christensen"
DENMARK,Finance,DEN-FIN-Control Product Taxes,"Risk Minimizing and Compliance
Instead of Manually extracting and checking data, a tool to check data is complete and valid, also over to Bing","€6,000.00",192 Hours Per Year,€0.00,document,Assessment,Not Started,"Local, and maybe Group",12/11/2023,https://cloud.uipath.com/lyrecomanagement/DefaultTenant/automationhub_/automation-profile/control-product-taxes,Eva NEUHAUSEN,"Eva NEUHAUSEN, Lars Christensen"
DENMARK,Marketing,DEN-MKT-Non stock pricing automatical upload,"We would like prices to be uploaded automatically from excel file to SAP for Nonstock items.
Every handle on Non-stock items today is done manually, there are no automatically maintenance of these items at all.
","€22,500.00",720 Hours Per Year,€0.00,document,Assessment,Not Started,"Local, and maybe Group",11/24/2023,https://cloud.uipath.com/lyrecomanagement/DefaultTenant/automationhub_/automation-profile/non-stock-pricing-automatical-upload,Jeanette CLAUSEN,"Jeanette CLAUSEN, Lars Christensen"
DENMARK,Logistics,DEN-SC-Operationel report balance ,"Each day we run a report to keep a record of the balance between picking stations and the amount of prepack in detail.
This is done using power BI data (order preparation) that is fed into an excel file located on the server/common network drive. The result of the auto calculations copied to another tap showing the date and result for the day of the week. This is sorted into groups for each week.
currently there is no documentation on the process yet, but its straightforward and simple.",€750.00,24 Hours Per Year,€0.00,document,Qualification,Awaiting Review,Local,10/24/2023,https://cloud.uipath.com/lyrecomanagement/DefaultTenant/automationhub_/automation-profile/operationel-report-balance-,Lars Erik HENRIKSEN,"Lars Erik HENRIKSEN, Lars Christensen"
CASH,Customer Service CASH,CASH - CS - POD (Proof Of Delivery) Pairing,"Send evidences to Customers regarding invoices and related deliveries via email.
Those information will be extracted from SITI and SAP.

If the customer receives an credit note from FIN, they are asking for the delivery note to the invoiced amount, CS have to download the delivery notes manually and send it to the customer manually. If we had a automatic pairing of this two documents, and sending them together CS would have less manually work and more time to be focused on service level provided to our customers.
The customer wouldn´t need to contact us and request the delivery note = better customer experience.",€0.00,0 Hours Per Year,€10.00,"CASH - POD Use-Case - Additional Scoping Information.docx,document",Qualification,Awaiting Review,"Local, and maybe Group",08/22/2023,https://cloud.uipath.com/lyrecomanagement/DefaultTenant/automationhub_/automation-profile/cash---cs---pod--proof-of-delivery--pairing,simona vrabcová,"simona vrabcová, mathieu lison, Tamara BOGDANYOVA"
GROUP,GIS Innovation,GRP IS - Demo Bot,The goal of this automatisation is use each possibilities of UiPath for doing a demo to the business maybe for the townhall IT,,,,document,Idea,Awaiting Review,Group,07/28/2023,https://cloud.uipath.com/lyrecomanagement/DefaultTenant/automationhub_/automation-profile/grp-is---demo-bot,Mickaël Guérardelle,"Laurent Silczak, mathieu lison, Josic Libert, Quentin Chastin, Bruno Bastin, Dimitri Degroise, Julian LEROY, Deleted User, Mickaël Guérardelle"
GROUP,Customer Experience,GRP IS - Webshop - Automate non-regression testing,Define the process,,,,document,Assessment,Postponed,Group,07/27/2023,https://cloud.uipath.com/lyrecomanagement/DefaultTenant/automationhub_/automation-profile/grp-is---webshop---automate-non-regression-testing,Olivier Gaudin,"Olivier Gaudin, mathieu lison, Aline TURPIN, Alexandre MALOR"
IBERIA,Finance,IBERIA - FIN - CFAC for Iberia,"Need more information from Alicia
Same process than CFAC France ? To be checked.",,,,document,Assessment,Not Started,"Local, and maybe Group",07/27/2023,https://cloud.uipath.com/lyrecomanagement/DefaultTenant/automationhub_/automation-profile/iberia---fin---cfac-for-iberia,Alicia GONZALEZ AMOR,"Alicia GONZALEZ AMOR, mathieu lison"
IBERIA,Finance,IBERIA - FIN - Checking PDF invoices,"Checking PDF invoices -> 2h => 300 Mails - 10 men Days + OCR (Provider and Suppliers)
Need more information from Alicia",,,,document,Assessment,In Progress,Local,07/27/2023,https://cloud.uipath.com/lyrecomanagement/DefaultTenant/automationhub_/automation-profile/iberia---fin---checking-pdf-invoices,Alicia GONZALEZ AMOR,"Alicia GONZALEZ AMOR, mathieu lison"
